{
  "project_info": {
    "project_number": "481294865576",
    "project_id": "beaulivre-pas-2025",
    "storage_bucket": "beaulivre-pas-2025.firebasestorage.app"
  },
  "client": [
    {
      "client_info": {
        "mobilesdk_app_id": "1:481294865576:android:93de65a9a9a3843fcb5e9d",
        "android_client_info": {
          "package_name": "com.example.beaulivre"
        }
      },
      "oauth_client": [
        {
          "client_id": "481294865576-0aqgpd12afugvg14vl827q6dbn1d0vn3.apps.googleusercontent.com",
          "client_type": 3
        }
      ],
      "api_key": [
        {
          "current_key": "AIzaSyC0yBOdNbBoKWcjHeLFPlW936VwXyZ0IsM"
        }
      ],
      "services": {
        "appinvite_service": {
          "other_platform_oauth_client": [
            {
              "client_id": "481294865576-0aqgpd12afugvg14vl827q6dbn1d0vn3.apps.googleusercontent.com",
              "client_type": 3
            }
          ]
        }
      }
    },
    {
      "client_info": {
        "mobilesdk_app_id": "1:481294865576:android:70f10b509650277bcb5e9d",
        "android_client_info": {
          "package_name": "com.kasih.beaulivre"
        }
      },
      "oauth_client": [
        {
          "client_id": "481294865576-enfg06ijhthr2p8b6j9m6eo1gsq527se.apps.googleusercontent.com",
          "client_type": 1,
          "android_info": {
            "package_name": "com.kasih.beaulivre",
            "certificate_hash": "3f270cf7b9c4283d6d86079e077ff8cbf0c6f246"
          }
        },
        {
          "client_id": "481294865576-0aqgpd12afugvg14vl827q6dbn1d0vn3.apps.googleusercontent.com",
          "client_type": 3
        }
      ],
      "api_key": [
        {
          "current_key": "AIzaSyC0yBOdNbBoKWcjHeLFPlW936VwXyZ0IsM"
        }
      ],
      "services": {
        "appinvite_service": {
          "other_platform_oauth_client": [
            {
              "client_id": "481294865576-0aqgpd12afugvg14vl827q6dbn1d0vn3.apps.googleusercontent.com",
              "client_type": 3
            }
          ]
        }
      }
    },
    {
      "client_info": {
        "mobilesdk_app_id": "1:481294865576:android:0d5174fec64e9a46cb5e9d",
        "android_client_info": {
          "package_name": "com.kasih.crudrealtimeclient"
        }
      },
      "oauth_client": [
        {
          "client_id": "481294865576-0aqgpd12afugvg14vl827q6dbn1d0vn3.apps.googleusercontent.com",
          "client_type": 3
        }
      ],
      "api_key": [
        {
          "current_key": "AIzaSyC0yBOdNbBoKWcjHeLFPlW936VwXyZ0IsM"
        }
      ],
      "services": {
        "appinvite_service": {
          "other_platform_oauth_client": [
            {
              "client_id": "481294865576-0aqgpd12afugvg14vl827q6dbn1d0vn3.apps.googleusercontent.com",
              "client_type": 3
            }
          ]
        }
      }
    }
  ],
  "configuration_version": "1"
}